what,kind,bundleId,bundleVersion,description,time
activated,editor,org.eclipse.ui.browser,3.3.101.v20111019-1723,"org.eclipse.ui.browser.editor",1331698238604
deactivated,workbench,org.eclipse.ui.workbench,3.7.1.v20120104-1859,"",1331698238982
activated,workbench,org.eclipse.ui.workbench,3.7.1.v20120104-1859,"",1331698240761
opened,view,org.eclipse.debug.ui,3.7.102.v20111129-1423_r372,"org.eclipse.debug.ui.DebugView",1331698241328
opened,view,org.eclipse.debug.ui,3.7.102.v20111129-1423_r372,"org.eclipse.debug.ui.VariableView",1331698241466
activated,perspective,org.eclipse.debug.ui,3.7.102.v20111129-1423_r372,"org.eclipse.debug.ui.DebugPerspective",1331698241532
opened,view,org.eclipse.debug.ui,3.7.102.v20111129-1423_r372,"org.eclipse.debug.ui.BreakpointView",1331698242460
activated,editor,org.eclipse.jst.jsp.ui,1.1.602.v201112071516,"org.eclipse.jst.jsp.core.jspsource.source",1331698243044
executed,command,org.eclipse.debug.ui,3.7.102.v20111129-1423_r372,"org.eclipse.debug.ui.commands.StepOver",1331698249986
executed,command,org.eclipse.debug.ui,3.7.102.v20111129-1423_r372,"org.eclipse.debug.ui.commands.StepOver",1331698252970
executed,command,org.eclipse.debug.ui,3.7.102.v20111129-1423_r372,"org.eclipse.debug.ui.commands.StepOver",1331698255265
activated,view,org.eclipse.debug.ui,3.7.102.v20111129-1423_r372,"org.eclipse.debug.ui.VariableView",1331698258237
executed,command,org.eclipse.debug.ui,3.7.102.v20111129-1423_r372,"org.eclipse.debug.ui.commands.StepOver",1331698261160
executed,command,org.eclipse.debug.ui,3.7.102.v20111129-1423_r372,"org.eclipse.debug.ui.commands.StepOver",1331698263840
activated,editor,org.eclipse.jst.jsp.ui,1.1.602.v201112071516,"org.eclipse.jst.jsp.core.jspsource.source",1331698269202
activated,view,org.eclipse.debug.ui,3.7.102.v20111129-1423_r372,"org.eclipse.debug.ui.DebugView",1331698273851
executed,command,org.eclipse.debug.ui,3.7.102.v20111129-1423_r372,"org.eclipse.debug.ui.commands.Resume",1331698273941
activated,editor,org.eclipse.ui.browser,3.3.101.v20111019-1723,"org.eclipse.ui.browser.editor",1331698277313
activated,editor,org.eclipse.jst.jsp.ui,1.1.602.v201112071516,"org.eclipse.jst.jsp.core.jspsource.source",1331698281388
executed,command,org.eclipse.debug.ui,3.7.102.v20111129-1423_r372,"org.eclipse.debug.ui.commands.StepOver",1331698284784
executed,command,org.eclipse.debug.ui,3.7.102.v20111129-1423_r372,"org.eclipse.debug.ui.commands.StepOver",1331698285592
executed,command,org.eclipse.debug.ui,3.7.102.v20111129-1423_r372,"org.eclipse.debug.ui.commands.StepInto",1331698288279
activated,editor,org.eclipse.jdt.ui,3.7.2.v20120109-1427,"org.eclipse.jdt.ui.CompilationUnitEditor",1331698288547
executed,command,org.eclipse.debug.ui,3.7.102.v20111129-1423_r372,"org.eclipse.debug.ui.commands.StepOver",1331698289559
executed,command,org.eclipse.debug.ui,3.7.102.v20111129-1423_r372,"org.eclipse.debug.ui.commands.StepOver",1331698290598
executed,command,org.eclipse.debug.ui,3.7.102.v20111129-1423_r372,"org.eclipse.debug.ui.commands.StepOver",1331698296167
executed,command,org.eclipse.debug.ui,3.7.102.v20111129-1423_r372,"org.eclipse.debug.ui.commands.StepOver",1331698299815
executed,command,org.eclipse.debug.ui,3.7.102.v20111129-1423_r372,"org.eclipse.debug.ui.commands.StepOver",1331698308230
executed,command,org.eclipse.debug.ui,3.7.102.v20111129-1423_r372,"org.eclipse.debug.ui.commands.StepOver",1331698310758
executed,command,org.eclipse.ui.workbench.texteditor,3.7.0.v20110928-1504,"org.eclipse.ui.edit.text.goto.lineStart",1331698335328
executed,command,org.eclipse.ui.workbench.texteditor,3.7.0.v20110928-1504,"org.eclipse.ui.edit.text.goto.lineStart",1331698335631
executed,command,org.eclipse.ui.workbench.texteditor,3.7.0.v20110928-1504,"org.eclipse.ui.edit.text.select.lineEnd",1331698336111
executed,command,org.eclipse.ui,3.7.0.v20110928-1505,"org.eclipse.ui.edit.delete",1331698336397
executed,command,org.eclipse.ui,3.7.0.v20110928-1505,"org.eclipse.ui.edit.delete",1331698336746
executed,command,org.eclipse.ui,3.7.0.v20110928-1505,"org.eclipse.ui.file.save",1331698338227
activated,view,org.eclipse.debug.ui,3.7.102.v20111129-1423_r372,"org.eclipse.debug.ui.DebugView",1331698341789
executed,command,org.eclipse.debug.ui,3.7.102.v20111129-1423_r372,"org.eclipse.debug.ui.commands.Terminate",1331698341898
activated,view,org.eclipse.wst.server.ui,1.3.0.v20120210_1439,"org.eclipse.wst.server.ui.ServersView",1331698341988
activated,perspective,org.eclipse.jst.j2ee.ui,1.1.503.v201201190400,"org.eclipse.jst.j2ee.J2EEPerspective",1331698347057
activated,view,org.eclipse.ui.navigator.resources,3.4.300.v20110928-1505,"org.eclipse.ui.navigator.ProjectExplorer",1331698348937
deactivated,workbench,org.eclipse.ui.workbench,3.7.1.v20120104-1859,"",1331698351502
activated,workbench,org.eclipse.ui.workbench,3.7.1.v20120104-1859,"",1331698353174
executed,command,org.eclipse.wst.server.ui,1.3.0.v20120210_1439,"org.eclipse.wst.server.launchShortcut.run",1331698353198
opened,editor,org.eclipse.ui.browser,3.3.101.v20111019-1723,"org.eclipse.ui.browser.editor",1331698357385
activated,editor,org.eclipse.ui.browser,3.3.101.v20111019-1723,"org.eclipse.ui.browser.editor",1331698357441
activated,editor,org.eclipse.jdt.ui,3.7.2.v20120109-1427,"org.eclipse.jdt.ui.CompilationUnitEditor",1331698369651
executed,command,org.eclipse.ui,3.7.0.v20110928-1505,"org.eclipse.ui.edit.undo",1331698372419
executed,command,org.eclipse.ui,3.7.0.v20110928-1505,"org.eclipse.ui.edit.undo",1331698372925
executed,command,org.eclipse.ui,3.7.0.v20110928-1505,"org.eclipse.ui.edit.undo",1331698373145
executed,command,org.eclipse.ui,3.7.0.v20110928-1505,"org.eclipse.ui.edit.undo",1331698373333
executed,command,org.eclipse.ui,3.7.0.v20110928-1505,"org.eclipse.ui.edit.undo",1331698373555
executed,command,org.eclipse.ui,3.7.0.v20110928-1505,"org.eclipse.ui.edit.undo",1331698374576
executed,command,org.eclipse.ui,3.7.0.v20110928-1505,"org.eclipse.ui.edit.undo",1331698374888
executed,command,org.eclipse.ui,3.7.0.v20110928-1505,"org.eclipse.ui.edit.undo",1331698375127
executed,command,org.eclipse.ui,3.7.0.v20110928-1505,"org.eclipse.ui.edit.undo",1331698375345
executed,command,org.eclipse.ui,3.7.0.v20110928-1505,"org.eclipse.ui.edit.undo",1331698375634
executed,command,org.eclipse.ui,3.7.0.v20110928-1505,"org.eclipse.ui.edit.undo",1331698376073
executed,command,org.eclipse.ui,3.7.0.v20110928-1505,"org.eclipse.ui.edit.undo",1331698376369
executed,command,org.eclipse.ui,3.7.0.v20110928-1505,"org.eclipse.ui.edit.undo",1331698376753
executed,command,org.eclipse.ui,3.7.0.v20110928-1505,"org.eclipse.ui.edit.undo",1331698377228
executed,command,org.eclipse.ui,3.7.0.v20110928-1505,"org.eclipse.ui.edit.undo",1331698377935
executed,command,org.eclipse.ui,3.7.0.v20110928-1505,"org.eclipse.ui.edit.undo",1331698378736
executed,command,org.eclipse.ui,3.7.0.v20110928-1505,"org.eclipse.ui.edit.undo",1331698379396
executed,command,org.eclipse.ui,3.7.0.v20110928-1505,"org.eclipse.ui.file.save",1331698383145
activated,view,org.eclipse.ui.navigator.resources,3.4.300.v20110928-1505,"org.eclipse.ui.navigator.ProjectExplorer",1331698389413
deactivated,workbench,org.eclipse.ui.workbench,3.7.1.v20120104-1859,"",1331698392436
activated,workbench,org.eclipse.ui.workbench,3.7.1.v20120104-1859,"",1331698393589
deactivated,workbench,org.eclipse.ui.workbench,3.7.1.v20120104-1859,"",1331698393620
activated,workbench,org.eclipse.ui.workbench,3.7.1.v20120104-1859,"",1331698395151
executed,command,org.eclipse.wst.server.ui,1.3.0.v20120210_1439,"org.eclipse.wst.server.launchShortcut.run",1331698395160
opened,editor,org.eclipse.ui.browser,3.3.101.v20111019-1723,"org.eclipse.ui.browser.editor",1331698401310
activated,editor,org.eclipse.ui.browser,3.3.101.v20111019-1723,"org.eclipse.ui.browser.editor",1331698401365
closed,editor,org.eclipse.ui.browser,3.3.101.v20111019-1723,"org.eclipse.ui.browser.editor",1331698403510
closed,editor,org.eclipse.ui.browser,3.3.101.v20111019-1723,"org.eclipse.ui.browser.editor",1331698404973
deactivated,workbench,org.eclipse.ui.workbench,3.7.1.v20120104-1859,"",1331698440514
activated,workbench,org.eclipse.ui.workbench,3.7.1.v20120104-1859,"",1331698483718
deactivated,workbench,org.eclipse.ui.workbench,3.7.1.v20120104-1859,"",1331698513215
activated,workbench,org.eclipse.ui.workbench,3.7.1.v20120104-1859,"",1331698517994
deactivated,workbench,org.eclipse.ui.workbench,3.7.1.v20120104-1859,"",1331698530915
activated,workbench,org.eclipse.ui.workbench,3.7.1.v20120104-1859,"",1331698535573
deactivated,workbench,org.eclipse.ui.workbench,3.7.1.v20120104-1859,"",1331698573690
activated,workbench,org.eclipse.ui.workbench,3.7.1.v20120104-1859,"",1331698582570
activated,view,org.eclipse.ui.navigator.resources,3.4.300.v20110928-1505,"org.eclipse.ui.navigator.ProjectExplorer",1331698582585
activated,editor,org.eclipse.jst.jsp.ui,1.1.602.v201112071516,"org.eclipse.jst.jsp.core.jspsource.source",1331698582796
executed,command,org.eclipse.ui.workbench.texteditor,3.7.0.v20110928-1504,"org.eclipse.ui.edit.text.goto.wordPrevious",1331698635432
executed,command,org.eclipse.ui.workbench.texteditor,3.7.0.v20110928-1504,"org.eclipse.ui.edit.text.goto.wordPrevious",1331698635633
executed,command,org.eclipse.ui,3.7.0.v20110928-1505,"org.eclipse.ui.edit.delete",1331698637144
executed,command,org.eclipse.ui.workbench.texteditor,3.7.0.v20110928-1504,"org.eclipse.ui.edit.text.goto.lineStart",1331698639735
executed,command,org.eclipse.ui.workbench.texteditor,3.7.0.v20110928-1504,"org.eclipse.ui.edit.text.select.wordNext",1331698640095
executed,command,org.eclipse.ui.workbench.texteditor,3.7.0.v20110928-1504,"org.eclipse.ui.edit.text.select.wordNext",1331698640295
executed,command,org.eclipse.ui.workbench.texteditor,3.7.0.v20110928-1504,"org.eclipse.ui.edit.text.select.wordNext",1331698640711
executed,command,org.eclipse.ui,3.7.0.v20110928-1505,"org.eclipse.ui.edit.copy",1331698641351
executed,command,org.eclipse.ui.workbench.texteditor,3.7.0.v20110928-1504,"org.eclipse.ui.edit.text.goto.lineStart",1331698641951
executed,command,org.eclipse.ui,3.7.0.v20110928-1505,"org.eclipse.ui.edit.paste",1331698642295
executed,command,org.eclipse.ui.workbench.texteditor,3.7.0.v20110928-1504,"org.eclipse.ui.edit.text.goto.lineStart",1331698643160
executed,command,org.eclipse.ui,3.7.0.v20110928-1505,"org.eclipse.ui.file.save",1331698652531
deactivated,workbench,org.eclipse.ui.workbench,3.7.1.v20120104-1859,"",1331698654838
activated,workbench,org.eclipse.ui.workbench,3.7.1.v20120104-1859,"",1331698655829
activated,editor,org.eclipse.ui.browser,3.3.101.v20111019-1723,"org.eclipse.ui.browser.editor",1331698658779
executed,command,org.eclipse.ui,3.7.0.v20110928-1505,"org.eclipse.ui.edit.copy",1331698660654
activated,view,org.eclipse.ui.navigator.resources,3.4.300.v20110928-1505,"org.eclipse.ui.navigator.ProjectExplorer",1331698666132
deactivated,workbench,org.eclipse.ui.workbench,3.7.1.v20120104-1859,"",1331698672687
activated,workbench,org.eclipse.ui.workbench,3.7.1.v20120104-1859,"",1331698673899
executed,command,org.eclipse.wst.server.ui,1.3.0.v20120210_1439,"org.eclipse.wst.server.launchShortcut.run",1331698673917
opened,editor,org.eclipse.ui.browser,3.3.101.v20111019-1723,"org.eclipse.ui.browser.editor",1331698673975
activated,editor,org.eclipse.ui.browser,3.3.101.v20111019-1723,"org.eclipse.ui.browser.editor",1331698674003
executed,command,org.eclipse.ui,3.7.0.v20110928-1505,"org.eclipse.ui.edit.paste",1331698676943
activated,editor,org.eclipse.jdt.ui,3.7.2.v20120109-1427,"org.eclipse.jdt.ui.CompilationUnitEditor",1331698689639
activated,editor,org.eclipse.ui.browser,3.3.101.v20111019-1723,"org.eclipse.ui.browser.editor",1331698693461
activated,editor,org.eclipse.jdt.ui,3.7.2.v20120109-1427,"org.eclipse.jdt.ui.CompilationUnitEditor",1331698702404
activated,editor,org.eclipse.jst.jsp.ui,1.1.602.v201112071516,"org.eclipse.jst.jsp.core.jspsource.source",1331698715759
activated,view,org.eclipse.ui.navigator.resources,3.4.300.v20110928-1505,"org.eclipse.ui.navigator.ProjectExplorer",1331698901822
deactivated,workbench,org.eclipse.ui.workbench,3.7.1.v20120104-1859,"",1331698905301
activated,workbench,org.eclipse.ui.workbench,3.7.1.v20120104-1859,"",1331698906607
deactivated,workbench,org.eclipse.ui.workbench,3.7.1.v20120104-1859,"",1331698906635
activated,workbench,org.eclipse.ui.workbench,3.7.1.v20120104-1859,"",1331698908021
executed,command,org.eclipse.wst.server.ui,1.3.0.v20120210_1439,"org.eclipse.wst.server.launchShortcut.debug",1331698908030
activated,editor,org.eclipse.ui.browser,3.3.101.v20111019-1723,"org.eclipse.ui.browser.editor",1331698914629
opened,editor,org.eclipse.ui.browser,3.3.101.v20111019-1723,"org.eclipse.ui.browser.editor",1331698914720
activated,editor,org.eclipse.ui.browser,3.3.101.v20111019-1723,"org.eclipse.ui.browser.editor",1331698914734
deactivated,workbench,org.eclipse.ui.workbench,3.7.1.v20120104-1859,"",1331698914884
activated,editor,org.eclipse.jst.jsp.ui,1.1.602.v201112071516,"org.eclipse.jst.jsp.core.jspsource.source",1331698915182
activated,workbench,org.eclipse.ui.workbench,3.7.1.v20120104-1859,"",1331698916918
activated,editor,org.eclipse.jdt.ui,3.7.2.v20120109-1427,"org.eclipse.jdt.ui.CompilationUnitEditor",1331698918542
activated,editor,org.eclipse.ui.browser,3.3.101.v20111019-1723,"org.eclipse.ui.browser.editor",1331698920074
deactivated,workbench,org.eclipse.ui.workbench,3.7.1.v20120104-1859,"",1331698938208
activated,workbench,org.eclipse.ui.workbench,3.7.1.v20120104-1859,"",1331698939818
closed,workbench,org.eclipse.ui.workbench,3.7.1.v20120104-1859,"",1331698940919
stopped,bundle,org.eclipse.jst.ws.axis.creation.ui,1.0.700.v201104070312,"org.eclipse.jst.ws.axis.creation.ui",1331698942213
stopped,bundle,org.eclipse.jst.ws.axis.consumption.ui,1.0.505.v201004211805,"org.eclipse.jst.ws.axis.consumption.ui",1331698942243
stopped,bundle,org.eclipse.jst.ws.axis.consumption.core,1.0.407.v201104071820,"org.eclipse.jst.ws.axis.consumption.core",1331698942257
stopped,bundle,org.eclipse.jst.ws.axis2.creation.ui,1.0.104.v201004211805,"org.eclipse.jst.ws.axis2.creation.ui",1331698942284
activated,perspective,org.eclipse.jst.j2ee.ui,,"org.eclipse.jst.j2ee.J2EEPerspective",1331784374922
started,bundle,org.eclipse.osgi,3.7.2.v20120110-1415,"org.eclipse.osgi",1331784374923
started,bundle,org.eclipse.compare.core,3.5.200.I20110208-0800,"org.eclipse.compare.core",1331784374938
started,bundle,org.eclipse.core.contenttype,3.4.100.v20110423-0524,"org.eclipse.core.contenttype",1331784374949
started,bundle,org.eclipse.core.databinding.observable,1.4.0.I20110222-0800,"org.eclipse.core.databinding.observable",1331784374965
started,bundle,org.eclipse.core.expressions,3.4.300.v20110228,"org.eclipse.core.expressions",1331784374966
started,bundle,org.eclipse.core.filesystem,1.3.100.v20110423-0524,"org.eclipse.core.filesystem",1331784374971
started,bundle,org.eclipse.core.net,1.2.100.I20110511-0800,"org.eclipse.core.net",1331784374996
started,bundle,org.eclipse.core.runtime,3.7.0.v20110110,"org.eclipse.core.runtime",1331784374996
started,bundle,org.eclipse.core.runtime.compatibility,3.2.100.v20100505,"org.eclipse.core.runtime.compatibility",1331784375006
started,bundle,org.eclipse.core.runtime.compatibility.auth,3.2.200.v20110110,"org.eclipse.core.runtime.compatibility.auth",1331784375015
started,bundle,org.eclipse.epp.mpc.ui,1.1.1.I20110907-0947,"org.eclipse.epp.mpc.ui",1331784375017
started,bundle,org.eclipse.epp.usagedata.gathering,1.3.1.R201106061540,"org.eclipse.epp.usagedata.gathering",1331784375025
started,bundle,org.eclipse.epp.usagedata.recording,1.3.1.R201106061540,"org.eclipse.epp.usagedata.recording",1331784375031
started,bundle,org.eclipse.equinox.app,1.3.100.v20110321,"org.eclipse.equinox.app",1331784375042
started,bundle,org.eclipse.equinox.common,3.6.0.v20110523,"org.eclipse.equinox.common",1331784375043
started,bundle,org.eclipse.equinox.ds,1.3.1.R37x_v20110701,"org.eclipse.equinox.ds",1331784375051
started,bundle,org.eclipse.equinox.event,1.2.100.v20110502,"org.eclipse.equinox.event",1331784375062
started,bundle,org.eclipse.equinox.registry,3.5.101.R37x_v20110810-1611,"org.eclipse.equinox.registry",1331784375063
started,bundle,org.eclipse.equinox.security,1.1.1.R37x_v20110822-1018,"org.eclipse.equinox.security",1331784375075
started,bundle,org.eclipse.equinox.util,1.0.300.v20110502,"org.eclipse.equinox.util",1331784375094
started,bundle,org.eclipse.help,3.5.100.v20110426,"org.eclipse.help",1331784375097
started,bundle,org.eclipse.jdt.apt.core,3.3.500.v20110420-1015,"org.eclipse.jdt.apt.core",1331784375115
started,bundle,org.eclipse.jdt.apt.pluggable.core,1.0.400.v20110305-1450,"org.eclipse.jdt.apt.pluggable.core",1331784375117
started,bundle,org.eclipse.jem.util,2.1.100.v201103021400,"org.eclipse.jem.util",1331784375118
started,bundle,org.eclipse.jem.workbench,2.0.400.v201104251400,"org.eclipse.jem.workbench",1331784375120
started,bundle,org.eclipse.jsch.core,1.1.300.I20110514-0800,"org.eclipse.jsch.core",1331784375122
started,bundle,org.eclipse.jst.common.project.facet.core,1.4.200.v201103170302,"org.eclipse.jst.common.project.facet.core",1331784375196
started,bundle,org.eclipse.jst.j2ee.navigator.ui,1.1.501.v201107261503,"org.eclipse.jst.j2ee.navigator.ui",1331784375254
started,bundle,org.eclipse.jst.j2ee.webservice,1.1.400.v201004110600,"org.eclipse.jst.j2ee.webservice",1331784375276
started,bundle,org.eclipse.jst.j2ee.webservice.ui,1.1.500.v201105122000,"org.eclipse.jst.j2ee.webservice.ui",1331784375277
started,bundle,org.eclipse.jst.jsf.common,1.2.3.v201104061039,"org.eclipse.jst.jsf.common",1331784375279
started,bundle,org.eclipse.jst.jsf.core,1.3.105.v201108261005,"org.eclipse.jst.jsf.core",1331784375281
started,bundle,org.eclipse.jst.server.core,1.2.202.v20110419,"org.eclipse.jst.server.core",1331784375283
started,bundle,org.eclipse.jst.ws.jaxrs.core,1.0.301.v201108240656,"org.eclipse.jst.ws.jaxrs.core",1331784375284
started,bundle,org.eclipse.mylyn.bugzilla.ui,3.6.0.v20110608-1400,"org.eclipse.mylyn.bugzilla.ui",1331784375289
started,bundle,org.eclipse.mylyn.commons.identity,0.8.0.v20110608-1400,"org.eclipse.mylyn.commons.identity",1331784375312
started,bundle,org.eclipse.mylyn.commons.net,3.6.0.v20110608-1400,"org.eclipse.mylyn.commons.net",1331784375312
started,bundle,org.eclipse.mylyn.commons.ui,3.6.1.v20110720-0100,"org.eclipse.mylyn.commons.ui",1331784375326
started,bundle,org.eclipse.mylyn.context.core,3.6.1.v20110720-0100,"org.eclipse.mylyn.context.core",1331784375327
started,bundle,org.eclipse.mylyn.monitor.ui,3.6.0.v20110608-1400,"org.eclipse.mylyn.monitor.ui",1331784375328
started,bundle,org.eclipse.mylyn.team.ui,3.6.1.v20110825-0100,"org.eclipse.mylyn.team.ui",1331784375338
started,bundle,org.eclipse.team.core,3.6.0.I20110525-0800,"org.eclipse.team.core",1331784375339
started,bundle,org.eclipse.team.cvs.core,3.3.400.I20110510-0800,"org.eclipse.team.cvs.core",1331784375344
started,bundle,org.eclipse.update.configurator,3.3.100.v20100512,"org.eclipse.update.configurator",1331784375345
started,bundle,org.eclipse.update.core,3.2.500.v20110330,"org.eclipse.update.core",1331784375365
started,bundle,org.eclipse.update.scheduler,3.2.300.v20100512,"org.eclipse.update.scheduler",1331784375375
started,bundle,org.eclipse.wst.common.core,1.2.0.v200908252030,"org.eclipse.wst.common.core",1331784375377
started,bundle,org.eclipse.wst.common.emf,1.2.100.v201101101900,"org.eclipse.wst.common.emf",1331784375380
started,bundle,org.eclipse.wst.common.emfworkbench.integration,1.2.101.v201107140600,"org.eclipse.wst.common.emfworkbench.integration",1331784375382
started,bundle,org.eclipse.wst.common.frameworks.ui,1.2.100.v201105122000,"org.eclipse.wst.common.frameworks.ui",1331784375391
started,bundle,org.eclipse.wst.common.ui,1.1.500.v200911190730,"org.eclipse.wst.common.ui",1331784375395
started,bundle,org.eclipse.wst.dtd.core,1.1.501.v201107252021,"org.eclipse.wst.dtd.core",1331784375396
started,bundle,org.eclipse.wst.jsdt.manipulation,1.0.300.v201104272153,"org.eclipse.wst.jsdt.manipulation",1331784375397
started,bundle,org.eclipse.wst.wsdl.validation,1.1.502.v201104071820,"org.eclipse.wst.wsdl.validation",1331784375401
started,bundle,org.eclipse.wst.xsd.core,1.1.600.v201104070312,"org.eclipse.wst.xsd.core",1331784375401
started,bundle,org.eclipse.equinox.simpleconfigurator,1.0.200.v20110815-1438,"org.eclipse.equinox.simpleconfigurator",1331784375403
started,bundle,com.ibm.icu,4.4.2.v20110823,"com.ibm.icu",1331784375403
started,bundle,org.eclipse.core.filebuffers,3.5.200.v20110928-1504,"org.eclipse.core.filebuffers",1331784375404
started,bundle,org.eclipse.core.jobs,3.5.101.v20120113-1953,"org.eclipse.core.jobs",1331784375405
started,bundle,org.eclipse.core.resources,3.7.101.v20120125-1505,"org.eclipse.core.resources",1331784375406
started,bundle,org.eclipse.core.variables,3.2.500.v20110928-1503,"org.eclipse.core.variables",1331784375408
started,bundle,org.eclipse.debug.core,3.7.1.v20111129-2031,"org.eclipse.debug.core",1331784375409
started,bundle,org.eclipse.debug.ui,3.7.102.v20111129-1423_r372,"org.eclipse.debug.ui",1331784375434
started,bundle,org.eclipse.emf.common,2.7.0.v20120127-1122,"org.eclipse.emf.common",1331784375435
started,bundle,org.eclipse.emf.common.ui,2.7.0.v20120130-0943,"org.eclipse.emf.common.ui",1331784375444
started,bundle,org.eclipse.emf.ecore,2.7.0.v20120127-1122,"org.eclipse.emf.ecore",1331784375474
started,bundle,org.eclipse.emf.ecore.xmi,2.7.0.v20120127-1122,"org.eclipse.emf.ecore.xmi",1331784375484
started,bundle,org.eclipse.emf.edit,2.7.2.v20120130-0943,"org.eclipse.emf.edit",1331784375487
started,bundle,org.eclipse.emf.edit.ui,2.7.0.v20120130-0943,"org.eclipse.emf.edit.ui",1331784375488
started,bundle,org.eclipse.equinox.p2.core,2.1.1.v20120113-1346,"org.eclipse.equinox.p2.core",1331784375489
started,bundle,org.eclipse.equinox.p2.directorywatcher,1.0.300.v20110815-1419,"org.eclipse.equinox.p2.directorywatcher",1331784375491
started,bundle,org.eclipse.equinox.p2.engine,2.1.1.R37x_v20111003,"org.eclipse.equinox.p2.engine",1331784375492
started,bundle,org.eclipse.equinox.p2.metadata,2.1.0.v20110815-1419,"org.eclipse.equinox.p2.metadata",1331784375495
started,bundle,org.eclipse.equinox.p2.metadata.repository,1.2.0.v20110815-1419,"org.eclipse.equinox.p2.metadata.repository",1331784375504
started,bundle,org.eclipse.equinox.p2.operations,2.1.1.R37x_v20111111,"org.eclipse.equinox.p2.operations",1331784375506
started,bundle,org.eclipse.equinox.p2.reconciler.dropins,1.1.100.v20110815-1419,"org.eclipse.equinox.p2.reconciler.dropins",1331784375507
started,bundle,org.eclipse.equinox.p2.repository,2.1.1.v20120113-1346,"org.eclipse.equinox.p2.repository",1331784375509
started,bundle,org.eclipse.equinox.p2.ui.sdk.scheduler,1.0.100.v20110815-1419,"org.eclipse.equinox.p2.ui.sdk.scheduler",1331784375510
started,bundle,org.eclipse.equinox.p2.updatechecker,1.1.200.v20110815-1419,"org.eclipse.equinox.p2.updatechecker",1331784375512
started,bundle,org.eclipse.equinox.preferences,3.4.2.v20120111-2020,"org.eclipse.equinox.preferences",1331784375513
started,bundle,org.eclipse.jdt.core,3.7.3.v20120119-1537,"org.eclipse.jdt.core",1331784375522
started,bundle,org.eclipse.jdt.core.manipulation,1.4.0.v20110928-1453,"org.eclipse.jdt.core.manipulation",1331784375523
started,bundle,org.eclipse.jdt.debug,3.7.1.v20111006_r372,"org.eclipse.jdt.debug",1331784375537
started,bundle,org.eclipse.jdt.debug.ui,3.6.1.v20111006_r372,"org.eclipse.jdt.debug.ui",1331784375537
started,bundle,org.eclipse.jdt.launching,3.6.1.v20111006_r372,"org.eclipse.jdt.launching",1331784375537
started,bundle,org.eclipse.jdt.ui,3.7.2.v20120109-1427,"org.eclipse.jdt.ui",1331784375537
started,bundle,org.eclipse.jem,2.0.501.v201111030500,"org.eclipse.jem",1331784375667
started,bundle,org.eclipse.jface,3.7.0.v20110928-1505,"org.eclipse.jface",1331784375668
started,bundle,org.eclipse.jst.common.frameworks,1.1.501.v201201190400,"org.eclipse.jst.common.frameworks",1331784375678
started,bundle,org.eclipse.jst.j2ee,1.1.503.v201202090300,"org.eclipse.jst.j2ee",1331784375679
started,bundle,org.eclipse.jst.j2ee.core,1.2.102.v201202090300,"org.eclipse.jst.j2ee.core",1331784375680
started,bundle,org.eclipse.jst.j2ee.ui,1.1.503.v201201190400,"org.eclipse.jst.j2ee.ui",1331784375680
started,bundle,org.eclipse.jst.j2ee.web,1.1.502.v201202090300,"org.eclipse.jst.j2ee.web",1331784375683
started,bundle,org.eclipse.jst.jee,1.0.402.v201202021530,"org.eclipse.jst.jee",1331784375684
started,bundle,org.eclipse.jst.jee.ui,1.0.401.v201202011107,"org.eclipse.jst.jee.ui",1331784375685
started,bundle,org.eclipse.jst.jsp.core,1.2.402.v201112071853,"org.eclipse.jst.jsp.core",1331784375686
started,bundle,org.eclipse.jst.server.tomcat.core,1.1.301.v20111010_1242,"org.eclipse.jst.server.tomcat.core",1331784375687
started,bundle,org.eclipse.jst.servlet.ui,1.1.502.v201202011054,"org.eclipse.jst.servlet.ui",1331784375705
started,bundle,org.eclipse.jst.ws.jaxws.utils,1.0.100.v201201031437,"org.eclipse.jst.ws.jaxws.utils",1331784375717
started,bundle,org.eclipse.ltk.core.refactoring,3.5.201.r372_v20111101-0700,"org.eclipse.ltk.core.refactoring",1331784375718
started,bundle,org.eclipse.ltk.ui.refactoring,3.6.0.v20110928-1453,"org.eclipse.ltk.ui.refactoring",1331784375734
started,bundle,org.eclipse.mylyn.bugzilla.core,3.6.5.v20120123-0100,"org.eclipse.mylyn.bugzilla.core",1331784375816
started,bundle,org.eclipse.mylyn.context.ui,3.6.1.v20120112-0100,"org.eclipse.mylyn.context.ui",1331784375817
started,bundle,org.eclipse.mylyn.tasks.ui,3.6.5.v20120215-0100,"org.eclipse.mylyn.tasks.ui",1331784375818
started,bundle,org.eclipse.search,3.7.0.v20110928-1504,"org.eclipse.search",1331784375820
started,bundle,org.eclipse.team.cvs.ui,3.3.401.v20120126-1227,"org.eclipse.team.cvs.ui",1331784375821
started,bundle,org.eclipse.team.ui,3.6.101.R37x_v20111109-0800,"org.eclipse.team.ui",1331784375822
started,bundle,org.eclipse.ui,3.7.0.v20110928-1505,"org.eclipse.ui",1331784375824
started,bundle,org.eclipse.ui.console,3.5.100.v20111007_r372,"org.eclipse.ui.console",1331784375825
started,bundle,org.eclipse.ui.editors,3.7.0.v20110928-1504,"org.eclipse.ui.editors",1331784375825
started,bundle,org.eclipse.ui.forms,3.5.101.v20111011-1919,"org.eclipse.ui.forms",1331784375828
started,bundle,org.eclipse.ui.ide,3.7.0.v20110928-1505,"org.eclipse.ui.ide",1331784375845
started,bundle,org.eclipse.ui.navigator,3.5.101.v20120106-1355,"org.eclipse.ui.navigator",1331784375846
started,bundle,org.eclipse.ui.navigator.resources,3.4.300.v20110928-1505,"org.eclipse.ui.navigator.resources",1331784375847
started,bundle,org.eclipse.ui.net,1.2.100.v20111208-1155,"org.eclipse.ui.net",1331784375857
started,bundle,org.eclipse.ui.views,3.6.0.v20110928-1505,"org.eclipse.ui.views",1331784375858
started,bundle,org.eclipse.ui.workbench,3.7.1.v20120104-1859,"org.eclipse.ui.workbench",1331784375872
started,bundle,org.eclipse.ui.workbench.texteditor,3.7.0.v20110928-1504,"org.eclipse.ui.workbench.texteditor",1331784375873
started,bundle,org.eclipse.wst.common.frameworks,1.2.102.v201201190400,"org.eclipse.wst.common.frameworks",1331784375880
started,bundle,org.eclipse.wst.common.modulecore,1.2.103.v201201190400,"org.eclipse.wst.common.modulecore",1331784375881
started,bundle,org.eclipse.wst.common.project.facet.core,1.4.201.v201201101553,"org.eclipse.wst.common.project.facet.core",1331784375883
started,bundle,org.eclipse.wst.html.ui,1.0.602.v201202091936,"org.eclipse.wst.html.ui",1331784375884
started,bundle,org.eclipse.wst.jsdt.core,1.1.102.v201111090634,"org.eclipse.wst.jsdt.core",1331784375897
started,bundle,org.eclipse.wst.jsdt.debug.core,2.0.101.v201201112313,"org.eclipse.wst.jsdt.debug.core",1331784375904
